Country Name,Country Code,Series Name,Series Code,2002 [YR2002],2003 [YR2003],2004 [YR2004],2005 [YR2005],2006 [YR2006],2007 [YR2007],2008 [YR2008],2009 [YR2009],2010 [YR2010],2011 [YR2011],2012 [YR2012],2013 [YR2013],2014 [YR2014],2015 [YR2015],2016 [YR2016],2017 [YR2017],2018 [YR2018],2019 [YR2019],2020 [YR2020],2021 [YR2021]
Afghanistan,AFG,Mobile cellular subscriptions (per 100 people),IT.CEL.SETS.P2,0.119046168,0.883192104,2.547386592,4.915778177,9.905952707,18.02123984,29.88931593,38.34172829,36.23965543,47.17359546,50.35079702,53.28634042,56.26314295,58.39109599,62.37109623,67.13641492,59.90264778,59.78387904,58.1902139,56.55443457
Albania,ALB,Mobile cellular subscriptions (per 100 people),IT.CEL.SETS.P2,27.24463279,35.56428066,41.12783099,50.45923775,63.59103905,78.03664144,63.00230139,84.07120051,92.41340015,106.8724501,121.0154371,127.67458,116.4887372,117.9871153,116.9622462,125.9205273,94.36446759,91.51642864,91.35050062,92.31992041
Algeria,DZA,Mobile cellular subscriptions (per 100 people),IT.CEL.SETS.P2,1.423710128,4.51376415,15.0181054,41.45244865,62.80216467,81.10540402,78.19436226,92.99292417,91.42082361,97.46161442,100.7169538,103.9905106,111.7079111,109.3176407,116.6140394,111.4475314,112.4675177,106.3696091,104.842178,106.4235366
American Samoa,ASM,Mobile cellular subscriptions (per 100 people),IT.CEL.SETS.P2,3.499664816,3.624439075,3.904487558,..,..,..,..,..,..,..,..,..,..,..,..,..,..,..,..,..
Andorra,AND,Mobile cellular subscriptions (per 100 people),IT.CEL.SETS.P2,46.28218157,70.21296747,75.86601328,80.87590509,86.01844926,81.23912599,84.41522582,87.40318475,91.57706344,92.17208933,89.93550386,89.58187372,92.48694535,99.42853957,104.9517508,108.8046481,110.1329103,115.1500465,103.4491634,118.6729762
Angola,AGO,Mobile cellular subscriptions (per 100 people),IT.CEL.SETS.P2,0.799262897,1.931104589,3.942225093,8.282974634,15.15012642,23.72841216,31.22582177,36.02958262,40.24692066,49.76776766,50.75814192,50.80964158,51.80029281,49.36244924,44.59350803,44.10644535,42.49094914,45.8377414,43.81009059,44.42373173
Antigua and Barbuda,ATG,Mobile cellular subscriptions (per 100 people),IT.CEL.SETS.P2,49.49154738,59.04654558,68.40551805,107.67632,136.1958564,137.0232638,164.0725036,159.6103343,196.009102,202.940193,145.2893674,129.2224595,134.5208212,195.6860129,198.754472,201.933735,..,199.7481436,198.5668652,197.3825359
Argentina,ARG,Mobile cellular subscriptions (per 100 people),IT.CEL.SETS.P2,17.33333812,20.48748472,34.94389378,56.70883514,79.81991978,101.3182303,115.4815533,128.9999606,138.8859542,146.2467408,153.3349717,158.9154655,142.9902363,142.9639551,145.9179567,140.5014607,131.9371685,125.9409814,121.6001889,130.4550081
Armenia,ARM,Mobile cellular subscriptions (per 100 people),IT.CEL.SETS.P2,2.297846274,3.708664629,6.631634399,10.43709632,41.62457715,62.45557755,48.33377522,73.92986395,131.1938086,109.6360981,114.013624,115.3337511,119.696221,120.3535058,119.8452458,122.3218158,126.1831509,128.2969735,124.3508359,128.961359
Aruba,ABW,Mobile cellular subscriptions (per 100 people),IT.CEL.SETS.P2,67.33419771,75.45981165,105.1838786,109.4556693,114.0409598,117.3566698,123.2764603,129.0166512,131.3507803,..,132.2077719,134.9144635,134.8533699,135.2427175,..,..,..,132.4665076,132.2887836,132.3496283
Australia,AUS,Mobile cellular subscriptions (per 100 people),IT.CEL.SETS.P2,65.05494704,72.83111188,82.70993065,91.31591136,96.54551735,102.0602734,104.1045379,102.4888541,102.1836974,106.4049909,107.0777947,107.910329,106.7765212,108.1853261,109.7343698,108.4165835,110.6519296,110.29622,105.231579,104.5172138
Austria,AUT,Mobile cellular subscriptions (per 100 people),IT.CEL.SETS.P2,83.37673809,89.58013346,97.80672818,105.3234981,112.2552739,119.4976758,129.9823149,137.0500745,146.3739125,155.1932739,161.1931998,156.5179428,151.5621925,155.8663134,126.8182509,123.4328495,124.2461975,120.7891044,120.3155961,121.9694798
Azerbaijan,AZE,Mobile cellular subscriptions (per 100 people),IT.CEL.SETS.P2,9.486239279,12.49184326,17.02308418,25.90039991,37.92497713,50.89874753,72.75801316,85.05960989,98.51590341,108.1321708,106.7431224,105.3629953,108.3211865,108.4519054,102.1325853,100.550391,101.8436601,105.0577494,100.577047,104.8878056
"Bahamas, The",BHS,Mobile cellular subscriptions (per 100 people),IT.CEL.SETS.P2,36.45457213,36.10978168,54.2152205,65.48832101,71.73598666,104.5665509,98.69209884,97.4881608,114.7626932,79.05543061,78.52149264,74.41981071,80.9089998,79.24028134,90.965109,88.60207508,96.71589874,105.1785039,114.6450432,97.42269052
Bahrain,BHR,Mobile cellular subscriptions (per 100 people),IT.CEL.SETS.P2,51.98149465,56.93614954,77.96067195,85.05212763,93.45537498,107.2508102,129.7600831,118.8664576,129.1151861,139.7312217,173.3884708,175.1793056,177.6320346,184.9333623,212.4528521,162.3024312,140.7017898,128.4065325,119.86485,131.4487123
Bangladesh,BGD,Mobile cellular subscriptions (per 100 people),IT.CEL.SETS.P2,0.80140256,0.999976513,2.004154126,6.386938172,13.41312473,23.84554569,30.69701239,35.00813289,45.77354649,56.1667898,63.89610407,75.66900657,81.34459807,83.23875309,85.10324101,93.29458051,98.83168698,100.0336994,105.2911628,108.9094426
Barbados,BRB,Mobile cellular subscriptions (per 100 people),IT.CEL.SETS.P2,36.47632809,52.33664425,74.53790432,76.51487882,87.68350676,94.89839525,105.8785556,123.1084181,127.4288252,126.2920802,126.4657963,111.1400863,110.077011,120.3928324,119.2209554,118.0445365,117.7476331,117.5408666,105.0970277,112.6006401
Belarus,BLR,Mobile cellular subscriptions (per 100 people),IT.CEL.SETS.P2,4.564502119,11.10683042,22.39351493,41.26253389,60.35626399,70.83258616,83.04193393,99.26716397,106.1807277,110.177396,110.1376877,114.686658,117.6215475,118.016106,117.8382404,117.5863907,119.8449004,120.1910673,121.490553,122.7801287
Belgium,BEL,Mobile cellular subscriptions (per 100 people),IT.CEL.SETS.P2,78.23594997,82.72811955,87.33323948,91.32561654,93.04921348,100.792448,105.7332365,109.0163124,111.731029,114.0583084,111.623776,110.9153557,113.9396941,113.5645872,110.9039753,99.76104331,99.9891253,99.99135577,99.72332827,101.1083743
Belize,BLZ,Mobile cellular subscriptions (per 100 people),IT.CEL.SETS.P2,20.2076668,22.88009758,27.56055974,34.23985733,40.86877314,39.81303883,52.35432867,51.49536875,60.29102221,67.49054737,51.15513901,50.65885671,48.90232307,58.89499293,60.69172801,63.90324879,64.46818089,65.51587659,66.84898207,65.9948854
Benin,BEN,Mobile cellular subscriptions (per 100 people),IT.CEL.SETS.P2,2.943708125,3.083543364,5.818213416,7.316681103,12.56424327,23.72609786,40.70486295,54.87425803,74.90081741,79.83654762,83.96026074,93.39120338,81.58793478,85.22948043,78.97356015,75.65070229,79.24062635,84.21052161,88.11818884,97.96018203
Bermuda,BMU,Mobile cellular subscriptions (per 100 people),IT.CEL.SETS.P2,48.27885869,64.03278479,78.10009563,83.73836526,95.2758402,109.2532776,124.88539,134.1688634,139.0136649,..,143.1718062,148.4899065,93.90103386,60.17990625,101.3049407,102.721454,..,104.9959255,106.2002186,105.9437563
Bhutan,BTN,Mobile cellular subscriptions (per 100 people),IT.CEL.SETS.P2,0,0.35532683,2.94434846,5.427220223,12.19112973,21.92428559,36.74284546,48.58086395,55.89044047,67.8772798,77.77759289,74.68047217,84.81429524,90.91492505,93.14595832,96.62766062,92.31829061,95.0199294,96.4571149,100.0671395
Bolivia,BOL,Mobile cellular subscriptions (per 100 people),IT.CEL.SETS.P2,11.49737045,14.11936214,19.53921968,25.82171069,30.13983939,33.51209002,50.99491498,64.31385416,70.22501607,80.34893557,89.81531826,97.04333351,95.72549681,91.63886556,89.7292164,95.86980372,98.61224848,99.24869117,98.89563329,99.62307127
Bosnia and Herzegovina,BIH,Mobile cellular subscriptions (per 100 people),IT.CEL.SETS.P2,17.834847,25.68958952,33.97269036,38.94116621,46.5199604,61.14023987,80.6167888,83.99816904,81.61010714,84.72248715,91.37722507,96.42745189,97.76313417,97.70724826,97.78962053,100.001686,101.7919614,111.7477784,105.7638198,113.9969422
Botswana,BWA,Mobile cellular subscriptions (per 100 people),IT.CEL.SETS.P2,18.50918875,24.3574915,28.12351237,29.78549847,42.67477021,58.55487888,74.01864177,91.46431156,112.991905,135.9050007,141.6608709,146.4312098,150.8822868,150.7621557,139.8131113,134.9211022,137.9300386,149.8882667,150.3850531,160.7369816
Brazil,BRA,Mobile cellular subscriptions (per 100 people),IT.CEL.SETS.P2,19.32713015,25.39202175,35.51552318,46.15180215,52.91720162,63.4135915,78.18528647,87.07984742,100.293596,118.2517092,124.1756934,134.3929329,137.9776265,125.6477067,117.9869738,106.1217992,99.64002652,95.38505233,96.54706819,102.48887
British Virgin Islands,VGB,Mobile cellular subscriptions (per 100 people),IT.CEL.SETS.P2,37.5798572,..,..,..,..,82.17220436,88.07198928,173.9054874,172.4633474,166.6440169,171.3627247,186.3628433,189.0304097,194.766056,133.4577491,146.5169661,131.7092467,129.1538713,113.7593012,120.9465973
Brunei Darussalam,BRN,Mobile cellular subscriptions (per 100 people),IT.CEL.SETS.P2,44.21967231,50.09673912,56.16529944,63.5094637,80.84590459,96.67060948,103.7155978,105.7828245,109.8603214,110.3746893,115.5191155,113.8721697,108.4957375,109.9533264,122.8780218,126.6006005,130.3207192,131.2182683,121.4758051,135.501254
Bulgaria,BGR,Mobile cellular subscriptions (per 100 people),IT.CEL.SETS.P2,32.5719108,44.21550847,60.13402386,79.90716067,106.2757886,128.2216717,135.8844328,136.9375706,134.3463722,138.869183,143.966837,141.1194769,128.6861675,125.7944108,123.8462766,118.8025553,117.8397093,115.3427025,113.849275,114.7677533
Burkina Faso,BFA,Mobile cellular subscriptions (per 100 people),IT.CEL.SETS.P2,0.878804908,1.827192642,2.944665159,4.565784098,7.10106046,12.59082932,19.89845318,24.43207428,35.41543025,46.27031874,58.29298367,63.73682215,68.76444495,77.18176266,79.91513371,90.47440751,94.83338248,97.19768463,102.7626369,111.6631328
Burundi,BDI,Mobile cellular subscriptions (per 100 people),IT.CEL.SETS.P2,0.782079785,0.932829566,1.412261168,2.070680864,2.611583155,3.398531004,5.805480455,10.5719406,18.38612295,20.24788559,22.94044018,24.99444805,30.42671535,46.58923322,49.13927197,53.073037,54.97002994,55.00739463,54.26373457,61.67128229
Cabo Verde,CPV,Mobile cellular subscriptions (per 100 people),IT.CEL.SETS.P2,9.075694534,11.11085653,13.51876247,16.58205297,21.82030292,30.15699421,54.40925194,56.36143961,71.34735962,75.14942533,79.66635697,92.50250028,112.3246581,110.7398862,107.8013016,108.3732481,106.8497659,103.232241,93.49323768,100.3820215
Cambodia,KHM,Mobile cellular subscriptions (per 100 people),IT.CEL.SETS.P2,3.025049479,3.897398361,6.618588238,8.01716186,12.77398895,18.83599976,30.3860731,44.2788579,56.74623762,94.39487785,129.2052488,135.0996151,134.4568277,135.2392534,127.4626128,117.3225889,121.1658947,132.1508925,128.6026166,119.9575768
Cameroon,CMR,Mobile cellular subscriptions (per 100 people),IT.CEL.SETS.P2,4.408103213,6.585413547,9.107210028,13.03899105,17.66597472,24.85225346,32.81070684,41.43074942,43.44821591,51.28211222,62.32232653,72.41147607,76.4097583,78.91603165,78.93806963,82.54515063,73.59740879,83.00540281,84.36916915,79.9676844
Canada,CAN,Mobile cellular subscriptions (per 100 people),IT.CEL.SETS.P2,37.90258971,42.03425423,47.06742374,52.82047544,57.63302795,61.70384455,66.5065332,70.88158252,76.03888561,78.19708293,79.90342869,80.8813881,81.31427412,83.30038912,85.15367591,86.70104032,89.67401709,91.59004081,85.40841921,88.09065504
Cayman Islands,CYM,Mobile cellular subscriptions (per 100 people),IT.CEL.SETS.P2,44.75221406,47.96862888,74.63675308,173.2296103,192.1227972,204.4373275,192.3067895,206.6442341,185.9821726,174.3981114,173.8199085,168.4120113,152.8861652,153.0823661,153.6543837,152.0202576,..,149.6960716,148.5663349,146.7652929
Central African Republic,CAF,Mobile cellular subscriptions (per 100 people),IT.CEL.SETS.P2,0.320557832,0.993334231,1.458031298,2.375954956,2.561504041,7.770417973,12.75957623,18.92065794,21.01326011,20.97293715,23.94805613,28.32525547,24.08176823,25.7814515,25.45474491,23.52311236,25.10924907,30.6238199,34.26900891,33.55228751
Chad,TCD,Mobile cellular subscriptions (per 100 people),IT.CEL.SETS.P2,0.386949265,0.706800925,1.279450373,2.098948007,4.496482312,8.564571843,14.41614955,19.84424669,24.17292974,29.75922512,34.51442135,34.51103697,38.34059787,38.65410953,38.27772119,42.21562356,44.75798518,47.52838524,52.19169152,60.22303015
Channel Islands,CHI,Mobile cellular subscriptions (per 100 people),IT.CEL.SETS.P2,..,..,..,..,..,..,..,..,..,..,..,..,..,..,..,..,..,..,..,..
Chile,CHL,Mobile cellular subscriptions (per 100 people),IT.CEL.SETS.P2,39.78841312,45.83031509,57.81873304,65.34385645,76.22360399,84.59985967,88.80729074,97.72343715,116.7493111,129.9394599,138.0537951,135.1310128,133.8868853,129.861175,128.8584324,125.28541,134.6365175,131.5774455,129.8851806,136.3134058
China,CHN,Mobile cellular subscriptions (per 100 people),IT.CEL.SETS.P2,16.08250443,20.94488156,25.81891467,30.14865123,35.11253649,41.41509824,48.20785124,55.79864972,63.71521287,72.67381064,81.38349829,89.31856151,92.84598562,92.70071605,97.36386675,104.2265872,116.3882038,122.8132903,120.5961882,121.5382526
Colombia,COL,Mobile cellular subscriptions (per 100 people),IT.CEL.SETS.P2,11.36250635,15.0671079,24.97241422,51.75155503,69.58309594,78.37404023,94.40706951,95.13853853,99.24479163,101.9676509,107.1729328,108.7745797,118.5362158,121.6634145,123.2204667,128.6822441,130.9211763,132.0713308,132.8719623,145.6931676
Comoros,COM,Mobile cellular subscriptions (per 100 people),IT.CEL.SETS.P2,0,0.350797187,1.441614443,2.619106673,6.098819498,10.06710974,14.57432443,19.08129738,25.19389535,32.30080439,41.41555353,49.68601299,53.59551757,58.17265028,60.89111697,61.56441686,64.26561932,72.72164109,96.95013186,103.8731734
"Congo, Dem. Rep.",COD,Mobile cellular subscriptions (per 100 people),IT.CEL.SETS.P2,1.083967385,2.342279923,3.631670083,4.856024853,7.563115316,10.93392469,15.96412219,14.71685523,17.80407321,22.78791578,28.30039549,38.4316525,48.79683182,47.99678106,35.47706053,41.97184654,41.87818082,41.29072644,43.93861689,48.89330021
"Congo, Rep.",COG,Mobile cellular subscriptions (per 100 people),IT.CEL.SETS.P2,6.658345236,9.636012758,10.82844201,15.1978347,24.06035366,32.54611347,44.18522878,69.25404547,83.79552057,84.74201477,90.87418742,96.51404931,99.70146791,102.9937292,104.5726633,95.17463114,91.89382514,91.8162281,98.52300193,96.78757313
Costa Rica,CRI,Mobile cellular subscriptions (per 100 people),IT.CEL.SETS.P2,12.18830827,18.58131934,21.70532355,25.51746605,32.97533765,33.96875103,41.90588862,42.74082225,67.68068898,88.74215105,113.5432338,148.4280298,144.9214415,153.9372109,168.4594269,177.0248638,168.5386493,143.7687874,146.6370492,152.0081561
Cote d'Ivoire,CIV,Mobile cellular subscriptions (per 100 people),IT.CEL.SETS.P2,5.807871421,7.069243308,9.028529295,12.38488336,20.96219992,37.68201154,51.61432648,63.76080738,73.85896297,80.43551999,82.23056119,86.2996605,96.12542511,107.6742335,113.3711016,127.7656655,132.6110689,142.9449473,149.543339,162.1701041
Croatia,HRV,Mobile cellular subscriptions (per 100 people),IT.CEL.SETS.P2,51.5875105,56.87562232,63.81446431,82.39191888,99.49383823,114.2786388,103.6669395,106.6836675,112.8109576,117.5396533,114.7695513,109.5654436,104.1405499,103.7803054,104.5124819,102.9365288,105.479914,106.6565741,106.805903,108.4252864
Cuba,CUB,Mobile cellular subscriptions (per 100 people),IT.CEL.SETS.P2,0.159811267,0.315700642,0.675233985,1.205162957,1.356185222,1.759130327,2.941806353,5.505147704,8.883772062,11.63974471,14.86958951,17.62738063,22.33274085,29.41249715,35.16042833,40.6988106,47.43291193,53.39569959,58.95001353,63.10466641
Curacao,CUW,Mobile cellular subscriptions (per 100 people),IT.CEL.SETS.P2,..,..,..,..,..,..,..,128.0791032,128.0110428,127.5963804,124.8578818,122.491212,114.6073501,112.3351733,109.3153878,109.1299177,100.9029785,95.40617378,89.81023625,88.26771323
Cyprus,CYP,Mobile cellular subscriptions (per 100 people),IT.CEL.SETS.P2,58.55863808,76.32480288,89.8,105.1751344,114.4986146,127.2941783,127.5867737,119.3408619,123.1330079,126.5596288,128.2983023,128.1609557,131.1454545,130.9823176,132.6368741,136.1722981,137.0450965,139.994482,139.6351351,148.7380631
Czechia,CZE,Mobile cellular subscriptions (per 100 people),IT.CEL.SETS.P2,84.09878914,94.73699258,105.0830138,114.5500833,120.3922535,127.9633374,132.7750137,125.3428438,123.5968488,125.4499409,128.6444455,130.4791683,132.2892387,118.34677,118.5935717,119.9885389,120.5956604,124.3382405,123.4438209,126.4124254
Denmark,DNK,Mobile cellular subscriptions (per 100 people),IT.CEL.SETS.P2,83.24975361,88.33925863,95.40817928,100.2371829,106.7845773,115.1153288,119.1583628,123.6540732,115.672236,128.6435512,130.2054648,124.9897251,126.7151649,124.683046,122.397232,124.4641018,125.1362568,124.9761468,124.4957422,125.7822877
Djibouti,DJI,Mobile cellular subscriptions (per 100 people),IT.CEL.SETS.P2,1.900832311,2.852143634,4.213482116,5.30208386,5.291600645,8.037369567,12.78171814,14.29093012,18.01709967,20.60703813,22.2643708,25.12191884,29.0216422,31.23947214,33.73974603,35.86235007,37.36641575,38.53522459,39.81402662,44.26176127
Dominica,DMA,Mobile cellular subscriptions (per 100 people),IT.CEL.SETS.P2,17.83276201,34.75351392,61.01146207,75.72006873,104.0121032,129.4074882,132.3020558,143.1977437,153.5408334,158.4533473,158.6633376,135.9745997,106.5084834,110.3533983,111.9429183,106.8562419,108.4675882,109.3856751,103.6294691,85.85731647
Dominican Republic,DOM,Mobile cellular subscriptions (per 100 people),IT.CEL.SETS.P2,19.33586664,23.45233979,28.02197735,39.53497786,49.60766544,58.63367597,75.71692085,89.44610736,90.967736,88.56030809,89.06690359,90.58150835,80.75708159,84.54150519,82.71721586,82.36053386,83.02096599,82.22940664,81.72601454,87.56486177
Ecuador,ECU,Mobile cellular subscriptions (per 100 people),IT.CEL.SETS.P2,11.94176277,18.02968067,26.1860424,45.36184863,60.56829501,69.74523844,80.60041815,89.81868124,98.60665932,100.6233672,106.2830299,105.7445117,104.0590503,79.92016129,84.44422411,87.74901563,92.69594524,91.40531396,88.04208636,94.33558884
"Egypt, Arab Rep.",EGY,Mobile cellular subscriptions (per 100 people),IT.CEL.SETS.P2,6.041770251,7.632012197,9.85915998,17.23622961,22.32566002,36.60195613,49.2417787,64.73864816,80.98458549,93.52589069,106.0920672,106.775786,99.71097052,96.20599379,98.00309829,101.1482612,90.40274284,90.26837878,88.73336258,94.68027811
El Salvador,SLV,Mobile cellular subscriptions (per 100 people),IT.CEL.SETS.P2,14.78584826,19.07779987,30.36254883,39.94412219,63.82719114,101.542819,114.5449835,124.2162448,125.9452597,135.5007081,140.3764699,145.3672715,148.0522346,149.7999219,154.1835626,151.2456887,150.3024373,165.5481968,158.1030557,175.3370318
Equatorial Guinea,GNQ,Mobile cellular subscriptions (per 100 people),IT.CEL.SETS.P2,4.243379003,5.255286628,7.490727351,11.20586174,13.25354698,15.80921024,18.09096135,19.16285166,36.48069846,41.83688803,41.97904554,41.06167415,39.88162291,39.5951515,41.14939522,39.02359836,39.35997262,39.72876266,46.62018522,49.96671696
Eritrea,ERI,Mobile cellular subscriptions (per 100 people),IT.CEL.SETS.P2,0,0,0.723814211,1.428030619,2.152569379,2.882541262,3.614071427,4.576365938,5.88599329,7.542750431,9.385825968,10.76469944,12.55933262,14.22153134,15.03586023,20.45963226,..,37.46979694,50.64867425,49.74709362
Estonia,EST,Mobile cellular subscriptions (per 100 people),IT.CEL.SETS.P2,63.87575766,76.62301373,92.165096,106.6908203,123.1669202,125.4573787,121.4997483,117.6827879,124.1280928,136.0581244,151.1890235,146.2404646,144.352489,144.7940413,144.227031,144.5430113,145.5233453,147.0228833,144.8567221,149.0807939
Eswatini,SWZ,Mobile cellular subscriptions (per 100 people),IT.CEL.SETS.P2,6.471204567,8.027978923,13.60526345,18.65870065,23.19679699,35.05509184,48.780405,60.68503936,65.98679904,69.34685278,72.42830048,79.85199214,81.43072216,82.98528312,87.08788612,89.23735659,89.85382979,91.85072327,105.8184652,120.0524881
Ethiopia,ETH,Mobile cellular subscriptions (per 100 people),IT.CEL.SETS.P2,0.070869174,0.070144615,0.206549642,0.530050753,1.087575079,1.473846619,2.316967875,4.670250336,7.680602493,15.38551239,21.72960388,26.41709068,30.56740707,41.29095943,48.64890266,36.59958437,..,36.73307203,37.97222807,53.62352623
Faroe Islands,FRO,Mobile cellular subscriptions (per 100 people),IT.CEL.SETS.P2,74.20374682,80.23717083,86.05722145,87.03719042,103.4193695,107.8718829,113.3213526,117.6836193,122.7969428,120.8510726,121.3465036,119.2758891,120.2583361,109.0072927,110.0747475,112.7194903,111.4552056,106.3427565,112.9695698,111.9592346
Fiji,FJI,Mobile cellular subscriptions (per 100 people),IT.CEL.SETS.P2,10.57782704,12.80219409,16.40602104,23.43060654,32.23490884,59.51262452,66.90977217,71.0020047,77.10374847,80.03487627,94.26491588,101.8559247,95.6983704,105.3150894,113.7541364,112.502149,110.4466178,112.143753,107.7223274,107.2344015
Finland,FIN,Mobile cellular subscriptions (per 100 people),IT.CEL.SETS.P2,86.85104553,91.0634187,95.40676122,100.4561318,107.6667458,114.9623281,128.5441388,144.2267619,156.4343557,165.9191643,172.1508026,136.2635488,139.2050448,134.9804296,131.3887581,129.9894338,129.6355826,129.4929527,128.7646479,129.1548109
France,FRA,Mobile cellular subscriptions (per 100 people),IT.CEL.SETS.P2,64.98819173,69.81954372,74.1060681,79.47105672,84.8042036,90.2635957,93.92587863,93.27577006,92.53807461,95.28593331,98.71349646,99.98234788,102.8881154,104.4996731,105.5973124,107.5983841,109.5588076,111.8637727,112.8271405,116.6934991
French Polynesia,PYF,Mobile cellular subscriptions (per 100 people),IT.CEL.SETS.P2,20.16300195,22.83677595,35.93728943,44.27064119,55.29263262,62.85435944,66.70492376,73.77737944,76.07439356,78.11228156,79.41859978,84.50276358,88.01199146,91.96228756,95.42450484,97.4239296,101.7025866,106.1000877,110.9565448,106.2118461
Gabon,GAB,Mobile cellular subscriptions (per 100 people),IT.CEL.SETS.P2,20.81611632,21.76439606,34.53274622,50.51520448,59.76483727,75.43035307,81.2511172,87.69054551,94.09124513,133.7222567,139.2563313,144.3166585,149.1076363,139.0944715,142.0035222,124.4381055,133.692425,133.4416659,133.0177927,134.3173247
"Gambia, The",GMB,Mobile cellular subscriptions (per 100 people),IT.CEL.SETS.P2,6.569339709,9.532279824,10.85456434,14.90500901,23.62802651,45.34980506,64.05433107,69.90366425,76.31064253,70.12083803,74.05049165,87.01025804,104.3248597,120.5286503,122.480565,124.5599874,130.1227936,103.0224594,104.038819,101.4408792
Georgia,GEO,Mobile cellular subscriptions (per 100 people),IT.CEL.SETS.P2,12.40096348,17.70171672,21.07481837,29.64539372,43.31330978,66.54893036,71.0129242,73.58891886,103.6856197,115.9271542,123.5053186,131.8829896,143.0956472,147.1900215,146.6908947,145.8786023,144.7181513,142.7295197,135.4280451,147.7548843
Germany,DEU,Mobile cellular subscriptions (per 100 people),IT.CEL.SETS.P2,72.60008929,79.65893192,87.76291359,97.6097572,105.5115846,118.5370597,129.9265409,129.2138879,108.6995416,111.6386991,113.3108833,122.4697309,121.5873792,117.4073504,125.6749823,132.7695384,129.6794748,128.9265144,128.8867207,127.5648538
Ghana,GHA,Mobile cellular subscriptions (per 100 people),IT.CEL.SETS.P2,1.863228278,3.729709922,7.737449309,12.77755372,22.5435531,32.07335231,47.56387659,60.55492814,68.18041285,80.76734585,95.38200979,101.8197062,107.6762148,121.2582209,129.6091402,121.6049315,132.601312,129.6132895,125.7336966,123.2115092
Gibraltar,GIB,Mobile cellular subscriptions (per 100 people),IT.CEL.SETS.P2,43.62182705,56.18176036,64.04791754,68.5965153,74.35698111,80.01066809,85.53194289,92.80290739,95.96315015,102.5204252,108.0534826,..,117.0960187,127.4323493,126.3196684,125.8665113,125.7197991,124.0232523,108.3465819,104.5270891
Greece,GRC,Mobile cellular subscriptions (per 100 people),IT.CEL.SETS.P2,83.93784195,80.43033577,83.88897436,92.32414639,98.86308353,110.849938,124.6144893,120.2577704,111.4098039,110.2070802,121.8599599,114.697312,111.7981465,116.2863558,116.6439809,120.9954184,114.4592115,112.370475,108.5687131,110.0393141
Greenland,GRL,Mobile cellular subscriptions (per 100 people),IT.CEL.SETS.P2,35.22319455,52.44147511,68.64031231,81.70583789,94.87599233,117.091063,98.65318675,94.73087417,101.7710422,104.3597214,105.7936974,107.685999,108.6645696,109.1351487,..,111.4289801,109.767392,110.2358263,117.7274837,118.4236261
Grenada,GRD,Mobile cellular subscriptions (per 100 people),IT.CEL.SETS.P2,6.978592085,38.89369137,39.54947222,42.50004535,41.61981475,45.98881181,53.36332438,101.0366446,106.9335929,105.1662925,112.0781282,113.7286759,99.30407215,100.6614557,99.17226548,93.59659279,97.44168486,94.670969,96.03519242,81.06733007
Guam,GUM,Mobile cellular subscriptions (per 100 people),IT.CEL.SETS.P2,43.3680688,48.84169293,59.75464013,..,..,..,..,..,..,..,..,..,..,..,..,..,..,..,..,..
Guatemala,GTM,Mobile cellular subscriptions (per 100 people),IT.CEL.SETS.P2,12.83241236,16.18690866,24.65101557,34.34196966,53.52317101,86.86504525,106.9329547,121.3756936,124.2372253,131.3187407,137.4052058,140.8080978,107.624353,113.250852,112.1141459,120.555015,121.4676927,122.0257077,117.4393951,125.6487512
Guinea,GIN,Mobile cellular subscriptions (per 100 people),IT.CEL.SETS.P2,1.05822129,1.271053027,1.728594195,2.067807907,..,20.94880928,28.11922757,34.81576235,38.94563268,46.16948108,51.76438441,67.26532573,76.6188968,92.58559996,93.11888331,95.58208181,95.6840313,99.96476034,104.466802,101.9442494
Guinea-Bissau,GNB,Mobile cellular subscriptions (per 100 people),IT.CEL.SETS.P2,0,0.096910052,2.928785183,7.162721523,11.12586734,20.42111664,33.60290131,36.69109924,43.22079861,45.53301799,63.48291934,55.36194016,63.57432905,69.23136263,70.0898639,76.32738349,76.91042128,80.71131758,94.94153271,108.5305095
Guyana,GUY,Mobile cellular subscriptions (per 100 people),IT.CEL.SETS.P2,10.44291644,18.1385607,22.57372203,37.03628626,52.74491111,71.21732245,59.37399722,65.0286586,74.9261965,71.04752563,73.53118288,74.26012148,75.47512698,71.86433405,77.02134274,84.27229801,..,97.40182509,107.375546,106.3926311
Haiti,HTI,Mobile cellular subscriptions (per 100 people),IT.CEL.SETS.P2,1.616339623,3.63131075,4.463543451,5.489524687,12.95016947,26.53695122,33.41949994,37.48983366,40.63851231,42.19277033,60.29503373,69.77932224,65.00990133,69.10420223,60.7065734,58.04608514,59.95845963,61.31820274,64.73094691,63.9349717
Honduras,HND,Mobile cellular subscriptions (per 100 people),IT.CEL.SETS.P2,4.651172067,5.267541253,9.578248846,16.94021888,28.93089914,52.80906136,76.65862687,101.3706519,112.473642,93.50217756,83.82310291,86.68153462,84.63214651,86.59296148,82.79219153,85.52647898,77.49076112,75.91082245,68.76918576,73.55959801
"Hong Kong SAR, China",HKG,Mobile cellular subscriptions (per 100 people),IT.CEL.SETS.P2,93.38396667,106.7196538,118.7675155,123.1715467,135.6800871,153.562659,164.2416608,177.5601144,193.3943064,213.1309854,226.5330395,232.6098087,230.6723731,226.0108938,236.4865739,246.5284142,265.9712453,286.2244771,291.4989659,319.4262706
Hungary,HUN,Mobile cellular subscriptions (per 100 people),IT.CEL.SETS.P2,67.85414098,78.51885074,86.45494989,92.51973936,99.09176258,109.8470378,121.954914,117.8236573,120.2766945,117.4485123,116.7030517,117.1374199,118.8347046,100.5722734,101.3947585,101.5946158,102.7165638,105.1259564,105.9697831,106.9277943
Iceland,ISL,Mobile cellular subscriptions (per 100 people),IT.CEL.SETS.P2,90.49333213,96.50415285,99.21603503,95.31357313,99.29358371,104.5678573,106.0453551,106.5605395,107.1447195,107.764655,109.7000115,109.9498803,112.9417905,115.9665922,119.6434051,116.7618266,116.5506905,114.5997217,114.9221778,118.0741761
India,IND,Mobile cellular subscriptions (per 100 people),IT.CEL.SETS.P2,1.183633404,3.014994095,4.595760598,7.806770983,14.16357152,19.63701843,28.74616679,42.91212541,60.63048058,71.07565334,67.84853606,68.6455143,72.21351677,75.67324414,84.25058892,86.31708801,85.90350833,83.25286162,82.621059,81.98893361
Indonesia,IDN,Mobile cellular subscriptions (per 100 people),IT.CEL.SETS.P2,5.31540109,8.290855733,13.42692564,20.5021492,27.52533357,39.76307645,59.08224127,67.92102195,86.58861927,101.095073,112.6850884,123.6702315,127.0667453,130.8216306,147.24962,164.5351584,119.6084851,126.5946679,130.8110952,133.6505363
"Iran, Islamic Rep.",IRN,Mobile cellular subscriptions (per 100 people),IT.CEL.SETS.P2,3.385178367,5.076729131,7.34948591,12.12624458,21.58558393,41.16460119,58.64831136,70.71192328,71.71155568,73.40951664,75.21235295,83.15971256,86.15521571,90.74220792,96.65573395,103.0079578,103.6264522,136.3859613,146.2076628,154.5542763
Iraq,IRQ,Mobile cellular subscriptions (per 100 people),IT.CEL.SETS.P2,0.076174971,0.295542957,2.060379308,5.341708352,32.33065128,48.92113772,59.99305711,66.4163539,74.41068611,78.81571413,79.00911537,91.45533767,89.8045005,88.87962046,86.43095061,84.33798585,89.9894631,89.56113197,88.05916556,93.60441472
Ireland,IRL,Mobile cellular subscriptions (per 100 people),IT.CEL.SETS.P2,77.03649835,88.41275114,95.7352192,103.6101966,110.7520628,114.0116573,113.3801112,104.5492103,103.9095077,107.9623924,109.8394365,106.3624033,106.283914,105.0634623,103.3786082,102.6618166,102.8335051,105.3980591,105.8205231,107.7677124
Isle of Man,IMN,Mobile cellular subscriptions (per 100 people),IT.CEL.SETS.P2,..,..,..,..,..,..,..,..,..,..,..,..,..,..,..,..,..,..,..,..
Israel,ISR,Mobile cellular subscriptions (per 100 people),IT.CEL.SETS.P2,99.10827833,102.1997358,109.4901505,115.5325698,123.0045417,128.0494269,126.9626414,125.310742,124.3237822,123.3285463,121.5077872,122.9506712,120.806028,131.9966662,129.5500471,126.8464798,126.5301426,135.9213376,140.1086384,140.4485071
Italy,ITA,Mobile cellular subscriptions (per 100 people),IT.CEL.SETS.P2,94.9085968,98.85908053,108.4501955,122.8524954,137.6315822,152.7786988,152.5406123,151.1561311,156.5734737,159.9989834,161.4693276,160.6017791,149.0557814,145.5869288,142.9771615,139.776512,139.1884938,133.0713342,130.3870472,131.86107
Jamaica,JAM,Mobile cellular subscriptions (per 100 people),IT.CEL.SETS.P2,47.18957003,59.4622386,68.97655577,74.02186813,84.57016872,99.37472721,100.4407361,108.582825,116.3904918,107.2546492,98.37384145,102.6348215,107.934767,112.2660894,116.5786502,110.0715146,105.44623,107.4668426,101.8728665,102.7483172
Japan,JPN,Mobile cellular subscriptions (per 100 people),IT.CEL.SETS.P2,63.72129527,67.96345216,71.64805919,75.49704878,78.04871672,83.854384,86.1938134,90.7727623,96.23879646,103.7137488,110.3834252,115.827725,123.8316866,126.1756831,131.3864746,136.4176676,142.4668807,148.2722187,155.7389638,160.8817412
Jordan,JOR,Mobile cellular subscriptions (per 100 people),IT.CEL.SETS.P2,23.11799075,24.5604987,29.35621517,55.25545854,71.48490967,73.71087407,80.10953926,88.70102642,95.50935775,105.2402538,124.5760215,134.0380157,128.1170096,145.3297924,98.53271402,94.98702055,83.47869848,72.70773421,63.94061117,65.26176509
Kazakhstan,KAZ,Mobile cellular subscriptions (per 100 people),IT.CEL.SETS.P2,6.695367868,8.63173678,15.76480026,34.47824792,49.14277217,76.98720041,92.06036705,104.0288753,116.6874561,149.6645373,176.7855957,175.0568958,162.5461324,147.5074806,141.2436051,145.7470439,140.6055713,137.1299254,128.0024709,127.4765953
Kenya,KEN,Mobile cellular subscriptions (per 100 people),IT.CEL.SETS.P2,3.621502166,4.711047036,7.31825995,12.86713923,19.8788531,29.83798266,41.60465635,47.97429887,60.14006827,65.86296741,70.28287597,71.06121963,73.38263833,80.50105901,81.39149513,87.47035459,99.09540718,107.0734925,118.1263492,122.7902388
Kiribati,KIR,Mobile cellular subscriptions (per 100 people),IT.CEL.SETS.P2,0.535714286,0.557782444,0.639133688,0.662157206,0.699419482,0.735308535,0.961852913,9.346579116,9.810639381,12.54926232,16.12643122,17.65053702,26.09035961,35.13071195,43.87704302,38.32023396,43.62598354,43.99352871,43.22257718,40.83989013
"Korea, Dem. People's Rep.",PRK,Mobile cellular subscriptions (per 100 people),IT.CEL.SETS.P2,0,0,0,0,0,0,0,0.281760571,1.749620794,4.034895552,6.830664218,9.679295734,11.14377697,12.82761135,14.20265951,14.93161965,..,16.51301564,23.19515861,23.10188288
"Korea, Rep.",KOR,Mobile cellular subscriptions (per 100 people),IT.CEL.SETS.P2,68.34749881,70.6603768,76.65647019,80.06403189,83.65798395,92.01288263,94.23198088,98.67498817,104.0034362,106.7865025,108.0393019,109.1472515,113.3160079,115.5716703,119.46123,123.581176,128.4051056,132.9873505,136.0094467,140.5658819
Kosovo,XKX,Mobile cellular subscriptions (per 100 people),IT.CEL.SETS.P2,..,..,..,32.30209935,32.30209935,32.30209935,32.30209935,32.30209935,32.30209935,..,..,..,..,..,..,..,..,..,..,..
Kuwait,KWT,Mobile cellular subscriptions (per 100 people),IT.CEL.SETS.P2,59.93072067,67.57058985,82.4046195,61.82706206,49.90981248,56.90173287,56.58059624,93.66360823,135.1907482,156.9476673,150.2358261,175.7841316,202.0425438,196.0922731,189.2095892,173.0666459,164.4554959,164.9822792,155.2673535,162.7763396
Kyrgyz Republic,KGZ,Mobile cellular subscriptions (per 100 people),IT.CEL.SETS.P2,1.056052928,2.722951647,5.126979739,10.4301966,24.04819332,40.95231026,63.49396632,82.87869511,96.20157578,113.0534607,120.7015687,117.7972956,130.0808662,128.1397232,126.5063102,138.3369764,140.3591937,136.3543926,132.4695239,130.3819712
Lao PDR,LAO,Mobile cellular subscriptions (per 100 people),IT.CEL.SETS.P2,0.983928046,1.97352289,3.539963389,11.23409141,16.97720022,24.47150868,32.95597261,51.92100072,63.31061777,85.42039479,66.06436451,69.88020438,69.02215871,54.91280264,57.44162039,53.04168369,51.54585373,64.29411986,63.34796067,64.95535792
Latvia,LVA,Mobile cellular subscriptions (per 100 people),IT.CEL.SETS.P2,39.42988912,53.15467354,67.89267501,83.80972937,99.08267704,101.8820773,106.8916096,108.3402116,109.7343364,111.1713483,128.1080484,125.917678,118.5456871,130.0230176,134.2946659,126.0509437,106.9512252,108.0924889,108.1340417,115.358508
Lebanon,LBN,Mobile cellular subscriptions (per 100 people),IT.CEL.SETS.P2,17.43112705,17.65802227,19.33298476,21.39882801,23.44201019,26.19756121,29.19625592,48.27817223,57.32143,68.51559229,72.51689104,68.40743516,69.92406534,72.78785236,68.33843563,72.00693309,74.34556707,73.29697162,75.72450204,76.67627276
Lesotho,LSO,Mobile cellular subscriptions (per 100 people),IT.CEL.SETS.P2,6.906165302,6.31952354,9.882874044,12.63188876,18.10585902,24.32384741,29.73492918,32.89917374,48.81717783,60.47837807,75.18379651,86.32341646,102.0783757,101.020571,106.485695,109.6832836,71.9803805,75.55517315,69.32469722,79.83391293
Liberia,LBR,Mobile cellular subscriptions (per 100 people),IT.CEL.SETS.P2,0.163366714,1.531518654,3.022310074,4.898482022,8.103265703,15.4979437,22.5859546,27.78600925,39.08769151,48.3273023,54.9409706,57.61452999,71.36477026,79.17908718,66.23325736,55.45558956,..,38.85431717,32.49086403,31.82876165
Libya,LBY,Mobile cellular subscriptions (per 100 people),IT.CEL.SETS.P2,1.295019024,2.291326463,8.791112958,34.25838979,65.75119238,73.80463552,118.4758613,149.9025894,167.8992629,161.5996556,163.3255932,171.0095584,139.3474723,157.4081087,121.9329674,94.38309282,..,173.5400713,174.6934374,206.7027087
Liechtenstein,LIE,Mobile cellular subscriptions (per 100 people),IT.CEL.SETS.P2,33.84085715,73.52941176,74.34402332,79.48154784,82.41852733,91.07539118,96.04519774,98.10791871,98.81422925,102.1581143,98.83848345,104.4041732,109.5859392,109.623879,117.7856364,122.4714949,123.8102721,124.0787901,126.1404686,126.0867338
Lithuania,LTU,Mobile cellular subscriptions (per 100 people),IT.CEL.SETS.P2,46.80495102,60.58800896,89.1476662,129.0471147,141.9895141,150.1054266,155.7707564,155.9984832,155.8123414,159.3007028,163.1312022,150.7823485,142.4940241,141.1735748,143.3251275,150.1602369,130.8936876,130.0157981,130.2002612,133.7323188
Luxembourg,LUX,Mobile cellular subscriptions (per 100 people),IT.CEL.SETS.P2,106.0745033,119.4189901,102.6676103,109.7104505,150.9301361,142.6433936,144.6887759,144.6166454,143.3727099,147.6194795,143.4857751,145.1703844,144.2986392,141.6910194,130.9674621,133.158472,131.3674819,131.9105832,132.9505076,137.0751156
"Macao SAR, China",MAC,Mobile cellular subscriptions (per 100 people),IT.CEL.SETS.P2,61.40971612,78.70378978,90.94063466,109.0334187,126.7972072,154.1387072,176.2814769,191.0386523,201.3757476,236.9854449,276.8618965,290.246118,307.2748098,308.1886876,314.3465329,320.5404246,335.0574739,420.8530977,412.9927856,185.6588995
Madagascar,MDG,Mobile cellular subscriptions (per 100 people),IT.CEL.SETS.P2,0.947075442,1.600434657,1.829445699,2.715327569,5.405022424,11.1298202,23.57089558,29.75693339,35.48710226,38.84334449,38.22393217,35.87033159,40.11353084,43.03168029,31.36331074,33.36129841,39.68745918,47.22673416,56.2228538,56.30041625
Malawi,MWI,Mobile cellular subscriptions (per 100 people),IT.CEL.SETS.P2,0.730171111,1.11775638,1.789774224,3.301776593,4.727462525,7.786705799,10.85490815,17.38343815,21.18001509,26.08970999,29.82362776,33.01165645,34.18209505,38.76692535,41.24175037,43.46753766,38.52869707,47.17691214,51.6315658,60.03162334
Malaysia,MYS,Mobile cellular subscriptions (per 100 people),IT.CEL.SETS.P2,37.49827327,44.96469217,57.67519655,75.39480725,73.42192752,86.17480992,100.1760536,106.8284441,117.9017242,125.6206583,139.3270554,142.7087288,146.794505,141.9557664,137.8669153,132.4079212,130.908501,135.9610804,131.6976181,140.5905675
Maldives,MDV,Mobile cellular subscriptions (per 100 people),IT.CEL.SETS.P2,14.33503031,22.36210829,37.48204439,66.32184432,86.21251205,96.43615091,129.3110665,131.1522847,136.7219435,141.6646192,144.6427327,156.0063185,159.7689676,169.8394332,178.7835827,190.5249745,175.1750865,164.1286164,139.513022,135.3978652
Mali,MLI,Mobile cellular subscriptions (per 100 people),IT.CEL.SETS.P2,0.384634048,2.003076446,3.190567687,5.781139195,11.10539388,17.97391391,23.63095724,29.67239609,47.91227225,67.4695104,88.48387499,116.1452168,133.9209668,125.3190059,108.1154139,114.0992437,110.1396447,111.4650138,119.2779414,111.0929919
Malta,MLT,Mobile cellular subscriptions (per 100 people),IT.CEL.SETS.P2,68.41109071,71.26528867,74.86998469,78.97944457,84.33187905,89.43144673,93.28353515,101.5843562,108.793686,123.1784046,123.800729,127.2274727,122.3518897,114.8018196,125.1793331,126.1236254,125.2767573,125.9617103,122.8511054,123.3832876
Marshall Islands,MHL,Mobile cellular subscriptions (per 100 people),IT.CEL.SETS.P2,1.012918379,1.097388655,1.183062368,1.214664311,..,..,..,..,..,..,..,..,30.74237887,31.37016798,..,33.90764405,..,35.77177607,36.85447091,38.04994055
Mauritania,MRT,Mobile cellular subscriptions (per 100 people),IT.CEL.SETS.P2,8.762013578,12.17184599,17.7290523,24.75185569,34.40580547,44.8379075,64.70073014,65.67863996,81.1838474,94.05598186,110.7082451,106.5519286,97.6622448,92.35377146,89.19718946,97.93613675,106.9260114,107.4581053,129.1269247,141.1137094
Mauritius,MUS,Mobile cellular subscriptions (per 100 people),IT.CEL.SETS.P2,28.16368605,37.22048715,43.80628289,52.21009055,61.07014177,73.08623436,80.99968331,84.91094394,92.79764363,100.6113964,115.290457,118.8200739,127.8525949,136.2793111,140.1951139,142.074747,148.0645463,143.9967785,147.3924126,151.765127
Mexico,MEX,Mobile cellular subscriptions (per 100 people),IT.CEL.SETS.P2,25.69264365,29.3838657,36.99151884,44.69619916,51.82629303,61.45672658,68.65461989,74.91580596,81.2063834,82.85839199,87.0169211,91.01095461,88.37316756,89.62827659,91.94482417,93.07232465,96.89668563,97.561569,97.53972081,99.81384101
"Micronesia, Fed. Sts.",FSM,Mobile cellular subscriptions (per 100 people),IT.CEL.SETS.P2,0.089292092,5.249318009,11.4700551,12.70416441,16.87745351,25.04838769,25.29805711,25.49412245,25.57720192,25.58232224,28.83897553,28.90433662,..,20.55964627,21.29796408,20.93090646,..,20.65039774,19.62428416,19.4464824
Moldova,MDA,Mobile cellular subscriptions (per 100 people),IT.CEL.SETS.P2,8.154633404,11.62540529,19.4465228,27.2355901,34.44683759,48.56606264,63.56631034,56.97862537,69.34374716,89.48951998,102.1981124,108.2043477,111.9756969,113.2956183,117.468078,117.8002494,115.7581058,116.2198572,110.876909,127.3941322
Monaco,MCO,Mobile cellular subscriptions (per 100 people),IT.CEL.SETS.P2,45.92725252,46.66728556,48.85841916,53.48620142,57.18971604,64.10457845,69.0477685,70.98546341,70.57086021,93.64854912,95.66282421,100.1072658,93.25671559,92.54624592,89.81953549,89.02386351,88.27945664,91.22158017,96.10801148,102.0171182
Mongolia,MNG,Mobile cellular subscriptions (per 100 people),IT.CEL.SETS.P2,8.658643792,12.6765679,16.89139537,21.7722345,30.02043202,45.84599655,66.9420518,84.33692877,92.89366961,107.229573,120.8733221,101.1398329,104.2861725,103.4878838,111.1573482,125.5209736,133.4403606,136.705791,132.467372,140.012223
Montenegro,MNE,Mobile cellular subscriptions (per 100 people),IT.CEL.SETS.P2,..,..,76.47930187,85.83355981,101.7605072,142.4226408,183.3878625,205.0386418,185.4070398,183.4653396,156.5227762,156.7802305,159.751787,158.981712,164.3464653,165.1820416,179.6504897,182.5833286,171.7021595,178.3957863
Morocco,MAR,Mobile cellular subscriptions (per 100 people),IT.CEL.SETS.P2,21.04470828,24.71174383,31.00385739,40.69143563,51.95551274,64.27130717,72.34623057,79.2717969,98.88351218,111.5066406,117.3709565,125.8279977,129.0186985,124.279337,118.1848162,123.4247246,124.1715549,127.9529984,133.893994,137.4592738
Mozambique,MOZ,Mobile cellular subscriptions (per 100 people),IT.CEL.SETS.P2,1.362715891,2.271134555,3.594928531,7.44116826,11.28143823,14.47231559,20.16429783,26.61171939,31.3091043,33.06063053,35.95690082,49.11065305,70.98140522,75.00930402,54.25090462,41.56716262,47.83274319,48.7801676,49.59621356,42.66671846
Myanmar,MMR,Mobile cellular subscriptions (per 100 people),IT.CEL.SETS.P2,0.103230987,0.141753867,0.195300032,0.269672968,0.445459947,0.511172861,0.753933666,1.024169005,1.202648548,2.497501633,7.426825561,13.48984154,56.83954844,79.62426697,97.48338233,91.69666523,116.0975729,154.4969145,147.0303762,126.2686102
Namibia,NAM,Mobile cellular subscriptions (per 100 people),IT.CEL.SETS.P2,7.94270661,11.6773562,14.7516817,22.86744121,30.64828714,39.78489599,51.60525706,78.89937715,92.89286276,102.9148729,99.0478761,123.7423736,119.0807762,111.7016048,114.4876454,113.3498609,114.6990872,115.4093117,116.4327399,115.2226488
Nauru,NRU,Mobile cellular subscriptions (per 100 people),IT.CEL.SETS.P2,..,..,..,..,..,..,..,..,60.5409628,65.15608286,65.10915358,..,..,84.04112651,86.56116114,85.60178052,..,82.42664029,81.20178644,79.92327366
Nepal,NPL,Mobile cellular subscriptions (per 100 people),IT.CEL.SETS.P2,0.086376308,0.318760633,0.44907767,0.864809012,4.363299013,12.23679425,15.62410254,20.71222193,33.85504967,48.97778031,60.76911914,78.01707755,83.82947761,99.65856976,115.2869264,128.0766788,137.4358818,134.2096779,130.203706,127.2282803
Netherlands,NLD,Mobile cellular subscriptions (per 100 people),IT.CEL.SETS.P2,75.3563546,81.84737461,91.38038468,97.3691093,105.9435391,117.6543655,125.3100554,121.8477658,115.4171328,118.7279121,117.4658849,115.4123066,115.3822493,122.1109286,121.9889276,119.3221581,122.1100816,125.3335923,122.8307665,125.0621654
New Caledonia,NCL,Mobile cellular subscriptions (per 100 people),IT.CEL.SETS.P2,34.72237293,41.38014786,48.79257822,55.44909784,63.10175667,70.71906066,77.63407975,81.5620914,84.46405484,85.35733598,85.1449676,87.01346628,86.5746907,91.96027304,..,..,..,91.10851024,90.78117198,90.34051425
New Zealand,NZL,Mobile cellular subscriptions (per 100 people),IT.CEL.SETS.P2,62.02223379,64.65269018,74.16558207,85.41463968,90.96435436,100.7038503,108.4446201,109.2290151,108.3670897,110.0137882,111.6027902,107.0856263,112.9769538,121.9886768,130.674682,134.8432405,130.5976242,121.2131234,123.2134933,113.9631575
Nicaragua,NIC,Mobile cellular subscriptions (per 100 people),IT.CEL.SETS.P2,4.511270761,8.767622846,13.71320868,20.52144966,33.09732772,44.62419926,54.64384473,57.95828815,67.66439527,81.16938965,97.03373143,111.2683166,113.8384416,115.3296496,121.2275335,126.2222916,113.2267851,86.86221512,88.25160841,97.10898703
Niger,NER,Mobile cellular subscriptions (per 100 people),IT.CEL.SETS.P2,0.461934868,0.638449273,1.289911695,2.337407513,3.362299696,6.041130838,12.27826846,16.20534839,22.03703574,27.44227428,30.0513406,37.56084948,42.51700417,44.50986093,35.71309522,40.38511133,..,51.69473548,58.5157033,56.38600069
Nigeria,NGA,Mobile cellular subscriptions (per 100 people),IT.CEL.SETS.P2,1.210845315,2.365893711,6.68866615,13.23005515,22.39468915,27.24021429,41.33577643,47.58638737,54.23811186,57.51550468,66.31025547,72.82602613,77.46743354,81.97475275,81.80668821,74.89572893,87.06722748,90.79595497,98.03255552,91.43723303
North Macedonia,MKD,Mobile cellular subscriptions (per 100 people),IT.CEL.SETS.P2,17.69455383,37.46725237,47.47879688,54.41028893,60.73017035,86.12638998,94.3104945,92.98627421,102.8463178,105.5373638,106.4769433,106.4234629,105.6594552,98.8434801,97.17078414,95.07708173,93.16855383,90.86343805,88.20817101,92.29897353
Northern Mariana Islands,MNP,Mobile cellular subscriptions (per 100 people),IT.CEL.SETS.P2,22.20911848,24.95108681,28.47645275,..,..,..,..,..,..,..,..,..,..,..,..,..,..,..,..,..
Norway,NOR,Mobile cellular subscriptions (per 100 people),IT.CEL.SETS.P2,83.50890769,88.95247425,98.52955299,102.8281314,104.4588097,106.9661048,109.2804594,110.8786963,114.5108913,115.5824466,115.509809,112.0335357,111.6785885,110.1059349,109.4141225,108.380522,107.6910276,107.9941993,108.285471,109.6884687
Oman,OMN,Mobile cellular subscriptions (per 100 people),IT.CEL.SETS.P2,19.82989972,24.89349023,32.96971561,53.09007343,70.44534978,94.08548532,117.0262559,138.0495907,151.4460942,147.92643,150.8732775,149.2089101,153.8060369,155.7561043,153.2914555,148.8216278,139.9674164,138.2321115,140.0686492,135.0769728
Pakistan,PAK,Mobile cellular subscriptions (per 100 people),IT.CEL.SETS.P2,1.040369219,1.440824446,2.9434214,7.324109273,19.37808733,34.55098392,47.3397604,49.62151862,51.00722535,54.83032062,59.42025439,62.20843608,65.19134199,59.67675827,63.92184347,66.79261828,70.07944774,74.07560451,77.3005648,81.55130785
Palau,PLW,Mobile cellular subscriptions (per 100 people),IT.CEL.SETS.P2,12.38224775,19.73843058,19.71165922,30.51283344,42.54039452,55.20499845,61.0773741,67.69361521,78.27400216,84.67653509,95.57004346,100.786296,107.4061587,133.4326177,..,..,..,133.9584729,133.5410639,133.1557923
Panama,PAN,Mobile cellular subscriptions (per 100 people),IT.CEL.SETS.P2,16.8486602,21.76276901,38.84758508,52.89805885,64.55108304,87.73233237,112.0153602,170.4438993,183.417508,182.5975676,165.480489,162.3588926,177.5895959,145.1045438,127.7034008,128.909028,137.3834585,137.6404715,142.2454753,147.7006123
Papua New Guinea,PNG,Mobile cellular subscriptions (per 100 people),IT.CEL.SETS.P2,0.254556735,0.287310088,0.767674013,1.154056014,1.490708859,4.334592388,12.24434673,19.26304103,25.17486852,30.74307157,33.75051158,36.38292152,39.68382897,41.0035551,42.49834535,44.08217145,46.09170728,47.52430342,49.41720925,48.42485057
Paraguay,PRY,Mobile cellular subscriptions (per 100 people),IT.CEL.SETS.P2,31.53341939,33.0704465,32.29215977,34.45393525,58.41069259,83.97567218,102.5794009,98.52812081,102.6392137,111.7235159,114.6941362,117.4443175,119.9410874,119.974846,119.5138493,117.5106256,115.4634996,118.8639678,118.8308269,118.9635011
Peru,PER,Mobile cellular subscriptions (per 100 people),IT.CEL.SETS.P2,8.43967421,10.60821354,14.67186871,19.83622779,32.13408596,53.90572862,72.73380352,85.14627675,99.60853686,110.1218612,98.78481683,99.18268397,105.0276552,111.4742209,118.631109,123.1285796,130.8994047,121.3854737,118.176464,127.8361756
Philippines,PHL,Mobile cellular subscriptions (per 100 people),IT.CEL.SETS.P2,18.92463893,27.13864248,38.92784282,40.31821357,48.76907405,64.02850974,74.64704735,81.32235128,87.86246562,97.77022573,104.0252318,103.1328562,109.8700461,114.3710694,114.5140314,112.3979818,123.9757392,151.5865313,133.3257005,143.4358742
Poland,POL,Mobile cellular subscriptions (per 100 people),IT.CEL.SETS.P2,35.96216995,45.055754,59.84050126,75.60778279,95.32592008,107.4422651,114.0266842,116.2139851,121.6459352,129.8786171,140.0258516,147.5698282,147.4923404,141.4598694,137.5522178,130.9503547,125.3471416,125.7168536,128.4226449,132.058828
Portugal,PRT,Mobile cellular subscriptions (per 100 people),IT.CEL.SETS.P2,83.11831542,95.50631584,100.6625516,108.7804944,115.9569577,127.559973,132.7779993,111.3652914,115.3184225,116.7515206,113.2623797,114.5869644,114.2890262,113.0168861,111.9942091,114.1311837,115.2549871,115.7418865,115.078977,120.9425503
Puerto Rico,PRI,Mobile cellular subscriptions (per 100 people),IT.CEL.SETS.P2,42.9921585,44.67402476,48.41260381,52.38297449,57.99316323,64.40340728,67.69145568,72.53981075,78.9147271,84.20089424,83.37088585,85.34247962,90.13525243,91.64100665,94.73994535,100.6830426,100.3319104,102.4016319,106.8204687,112.4430134
Qatar,QAT,Mobile cellular subscriptions (per 100 people),IT.CEL.SETS.P2,37.39599487,50.30352987,63.02934401,84.45322902,90.61267314,102.6230363,98.97588897,121.0210188,127.6009277,127.6056981,136.4991656,162.6308707,149.2831674,154.912235,140.745486,147.0842119,142.6223429,139.5526559,137.6081235,144.2023856
Romania,ROU,Mobile cellular subscriptions (per 100 people),IT.CEL.SETS.P2,23.60165076,32.77218532,47.9837041,63.31296631,76.4775578,98.34059881,118.8007792,122.6405258,119.7922166,115.8242824,113.4223875,114.1701218,114.6238647,116.1454247,115.669301,113.7122045,115.4396415,116.1173683,116.1812357,118.6275646
Russian Federation,RUS,Mobile cellular subscriptions (per 100 people),IT.CEL.SETS.P2,12.12593129,24.98783944,51.16733273,83.52351405,105.0701387,119.4978199,139.2838126,160.5071896,165.6610167,141.7866096,144.4957561,151.2556334,152.7878864,156.7665611,157.718498,156.187408,157.431312,164.3876311,163.5893357,168.9847242
Rwanda,RWA,Mobile cellular subscriptions (per 100 people),IT.CEL.SETS.P2,0.984089688,1.525678362,1.561343212,2.470314799,3.389414919,6.66938775,13.52113618,24.18673448,34.42380763,42.03670781,52.49608545,60.25535633,68.14488903,75.23533322,74.77669748,72.10934219,77.40789677,75.25147588,80.74026868,80.99152957
Samoa,WSM,Mobile cellular subscriptions (per 100 people),IT.CEL.SETS.P2,1.446712747,5.601792574,8.507334918,12.7235906,24.02589516,45.14957108,..,..,46.23161009,..,50.62587067,49.95873741,52.79816809,59.20145797,73.46748142,59.82324327,47.68694475,39.6404049,32.10362492,31.54083853
San Marino,SMR,Mobile cellular subscriptions (per 100 people),IT.CEL.SETS.P2,59.91991133,59.08884305,58.72546661,58.11983191,58.04599619,57.61885948,79.48534202,96.42305216,96.76980511,109.1365091,108.656284,110.5002253,112.6119381,109.0974084,108.0865402,111.5809255,112.7181169,113.3770262,114.6822713,118.5325668
Sao Tome and Principe,STP,Mobile cellular subscriptions (per 100 people),IT.CEL.SETS.P2,1.321400685,3.134064333,4.911317273,7.392998516,11.11721225,17.72145191,29.051631,45.37691997,56.40228837,61.83375976,64.32678334,64.68359853,65.06427946,91.96863626,87.00838579,83.62158473,76.9409115,77.24220523,79.67535824,84.81983981
Saudi Arabia,SAU,Mobile cellular subscriptions (per 100 people),IT.CEL.SETS.P2,22.13620269,31.26548242,38.77879493,58.05554012,77.61139698,107.5754805,131.2079923,157.5083371,175.3178957,179.0988641,171.9576466,168.6778476,164.1527601,161.21011,143.4406683,117.5995716,117.9691219,115.2711969,120.052537,126.3611144
Senegal,SEN,Mobile cellular subscriptions (per 100 people),IT.CEL.SETS.P2,5.436123348,7.498420624,10.48085228,15.76541839,26.48069595,31.3978306,45.39008866,56.59267039,66.58927184,72.63867013,86.68977306,96.60334847,102.9306512,104.2023505,102.9497559,103.9621401,106.3244864,111.7482578,116.079391,117.676782
Serbia,SRB,Mobile cellular subscriptions (per 100 people),IT.CEL.SETS.P2,..,..,51.17181283,73.72001754,89.37585492,114.2961107,130.6946168,135.3233088,136.0150378,141.0434365,127.1991843,128.668141,131.3531175,129.3835881,129.1774948,123.1427546,121.0748239,122.0477413,120.2168595,123.7205974
Seychelles,SYC,Mobile cellular subscriptions (per 100 people),IT.CEL.SETS.P2,54.26346245,58.89199923,64.17947447,68.47222384,80.76424052,87.49377293,104.2746865,121.5731078,127.2476409,134.9227834,143.1973895,141.4376409,154.4229141,149.3792825,151.0894655,164.3080248,173.563787,185.5593454,173.8823083,172.6683573
Sierra Leone,SLE,Mobile cellular subscriptions (per 100 people),IT.CEL.SETS.P2,1.303473543,2.115790837,..,..,..,13.06581196,16.56252155,18.53081915,31.07183217,32.31814728,32.55463913,57.43117807,66.61542977,77.33664462,83.79160527,86.29036859,80.84116316,83.63300421,83.60731215,97.70150515
Singapore,SGP,Mobile cellular subscriptions (per 100 people),IT.CEL.SETS.P2,79.3192099,84.63439691,93.4502185,100.9198005,106.7315594,127.0378465,132.5809637,137.4018501,143.0129038,147.5817519,149.9274113,154.0346262,145.4770145,145.7181198,148.123236,145.4058271,147.3617155,154.0006188,142.8931601,147.480416
Sint Maarten (Dutch part),SXM,Mobile cellular subscriptions (per 100 people),IT.CEL.SETS.P2,..,..,..,..,..,..,..,..,..,..,195.9076809,..,..,..,..,..,..,..,..,..
Slovak Republic,SVK,Mobile cellular subscriptions (per 100 people),IT.CEL.SETS.P2,54.38643654,68.45025357,79.53895594,84.45255999,90.99901883,112.8232059,102.5718387,102.0188253,109.7951532,110.7424278,112.6667989,114.6576409,117.686388,123.0642809,128.6989641,130.8550955,132.9546485,135.6735811,133.5923247,135.1475011
Slovenia,SVN,Mobile cellular subscriptions (per 100 people),IT.CEL.SETS.P2,84.04384184,87.42014596,92.58359451,87.75196057,90.36547028,95.31358042,101.0258437,102.6817359,103.1430699,104.991399,108.3023978,110.1911624,112.1194727,113.1226386,114.1499603,116.4306764,117.0914525,118.8876247,120.4592752,123.0185759
Solomon Islands,SLB,Mobile cellular subscriptions (per 100 people),IT.CEL.SETS.P2,0.221625699,0.229827239,0.63588287,1.243559399,1.418640942,2.1600455,5.813942221,9.472675121,21.3732943,49.64088413,53.21709939,55.48152791,63.05844225,69.32262593,66.32234892,72.29745476,73.11789627,70.83273456,68.57738104,66.96324509
Somalia,SOM,Mobile cellular subscriptions (per 100 people),IT.CEL.SETS.P2,1.062574706,2.049541518,4.942003611,4.776784674,5.099688242,5.396609418,5.478437064,5.464603394,5.389697048,14.73376335,18.48826148,40.32683174,41.32468921,42.40075455,46.54803903,47.89352903,49.6592909,51.47891598,53.48002324,51.82360917
South Africa,ZAF,Mobile cellular subscriptions (per 100 people),IT.CEL.SETS.P2,28.7485622,35.0490254,42.91739338,69.28179094,80.13859924,84.60660947,88.99293459,90.74710393,97.27155903,122.0365009,128.6931179,142.6770351,144.8590927,157.4892588,146.0644426,156.2424453,161.1938374,166.9433215,163.1909795,168.9243909
South Sudan,SSD,Mobile cellular subscriptions (per 100 people),IT.CEL.SETS.P2,..,..,..,..,..,..,..,..,15.44096302,17.57289089,21.4921053,25.69079809,25.64901594,25.89711066,24.39882868,26.16695311,18.43380633,21.26759221,12.6718012,30.48067634
Spain,ESP,Mobile cellular subscriptions (per 100 people),IT.CEL.SETS.P2,80.84111071,88.13545118,89.90428836,97.73091333,102.8639102,107.0209594,107.9553544,110.1038303,110.3421909,112.5430587,108.360446,107.6286827,109.3441127,109.9855567,110.8625606,112.7141001,115.7483421,117.4481914,117.4899328,119.623109
Sri Lanka,LKA,Mobile cellular subscriptions (per 100 people),IT.CEL.SETS.P2,4.873723405,7.218515291,11.34483891,17.087516,27.23856918,39.76107463,54.63200747,79.60666574,83.98898868,87.82201679,91.9860531,96.13564533,104.1599133,112.0119107,120.4042203,131.1169828,140.3243174,130.9608639,136.9116134,141.2920218
St. Kitts and Nevis,KNA,Mobile cellular subscriptions (per 100 people),IT.CEL.SETS.P2,10.80753934,47.38213693,62.25848003,109.1492777,108.8023211,137.1902584,157.9862584,159.666709,168.7656899,161.8293016,159.2390052,161.202529,136.014564,152.7704541,160.2557127,160.8797556,149.9005465,136.7035547,131.2392427,119.1089358
St. Lucia,LCA,Mobile cellular subscriptions (per 100 people),IT.CEL.SETS.P2,8.846160978,60.71868848,61.49574705,63.88448841,63.43485313,87.75176399,103.8374383,111.8158031,115.9575277,125.7827658,124.7660636,121.8906988,107.7498227,106.9000074,100.1326425,99.73470908,103.9665407,82.75703734,81.41789921,95.63211097
St. Martin (French part),MAF,Mobile cellular subscriptions (per 100 people),IT.CEL.SETS.P2,..,..,..,..,..,..,..,..,..,..,..,..,..,..,..,..,..,..,..,..
St. Vincent and the Grenadines,VCT,Mobile cellular subscriptions (per 100 people),IT.CEL.SETS.P2,8.798589687,55.62029211,63.93861893,63.0299352,78.64771238,99.69952357,117.9321223,110.2640204,120.5684854,121.2571986,117.4948882,116.6849698,107.5810012,106.4696381,106.3097496,109.7548035,106.8037614,91.85029164,95.91903051,94.15232144
Sudan,SDN,Mobile cellular subscriptions (per 100 people),IT.CEL.SETS.P2,0.691968805,1.870351663,3.636842279,6.187895382,15.43906617,26.34750105,37.39709613,46.55767523,53.62556885,72.79621939,78.66541133,76.84727423,75.11938953,73.19267695,70.61780648,70.41361876,71.66925335,76.36493565,79.19626937,75.55500225
Suriname,SUR,Mobile cellular subscriptions (per 100 people),IT.CEL.SETS.P2,21.86210069,33.45150661,41.68246594,45.09414591,61.30009846,71.97705826,123.0678468,141.4685909,95.43766481,96.6269791,101.9635914,154.0215659,162.8627901,130.4067075,138.7697716,135.4535707,126.7057876,135.5726544,148.145421,147.8293071
Sweden,SWE,Mobile cellular subscriptions (per 100 people),IT.CEL.SETS.P2,89.05432796,98.20893943,97.56490871,100.5773698,105.516699,110.3944972,108.5026226,112.2410111,117.1682302,120.9864009,123.9897982,124.5150033,126.3146745,128.3214584,126.02018,124.4688458,124.246327,125.5936109,123.3665446,124.3473047
Switzerland,CHE,Mobile cellular subscriptions (per 100 people),IT.CEL.SETS.P2,78.83348817,84.42543709,85.01063046,92.0009924,99.48022812,108.8436554,116.4751316,120.5339002,123.2884262,127.4511306,132.0838051,136.5991059,136.1783661,135.7591625,134.2677888,131.1998185,126.7095617,126.9492891,127.4054064,123.4337574
Syrian Arab Republic,SYR,Mobile cellular subscriptions (per 100 people),IT.CEL.SETS.P2,2.330456249,6.728613061,12.97278861,15.8742484,24.05824328,30.11486497,32.85898581,45.9145095,52.36023519,56.82614811,57.41945892,57.17925359,69.94612757,74.52298021,70.39486714,81.04987454,88.60117817,88.23642913,80.20304156,79.67746006
Tajikistan,TJK,Mobile cellular subscriptions (per 100 people),IT.CEL.SETS.P2,0.201780746,0.713631429,1.984942666,3.824426221,30.46440362,29.66964374,50.15299755,65.60804735,77.94560824,81.23502936,82.04734262,92.63194377,96.06972949,99.58867028,107.7324632,110.9626605,109.5514394,117.7572718,121.3847714,118.8094765
Tanzania,TZA,Mobile cellular subscriptions (per 100 people),IT.CEL.SETS.P2,1.669326152,3.476731266,5.062449169,7.515307114,13.82819587,19.78114318,30.33945603,39.74137183,46.5165326,55.29653106,56.96062647,55.7173455,62.70380186,75.49194539,73.60819776,71.00758398,74.87851487,79.64452642,83.00888599,84.99103625
Thailand,THA,Mobile cellular subscriptions (per 100 people),IT.CEL.SETS.P2,27.17095763,33.37129642,41.28780674,46.27713253,60.503253,79.27063763,91.84432107,97.25521206,105.0619397,112.714004,122.9260548,134.8819857,138.7860081,146.4441042,169.4859395,171.4147843,175.8777812,181.7670258,162.7043297,168.7823161
Timor-Leste,TLS,Mobile cellular subscriptions (per 100 people),IT.CEL.SETS.P2,..,2.164403133,2.719061975,3.411897486,4.936836644,7.672936602,11.98397816,32.93081442,43.45669122,55.18097425,54.58496092,55.95946813,116.1136197,114.1693613,121.8496083,125.2075432,116.3766548,111.3100361,105.9938692,104.9381426
Togo,TGO,Mobile cellular subscriptions (per 100 people),IT.CEL.SETS.P2,3.126702866,4.493875669,5.97577669,7.592183484,12.05262298,19.68271045,24.9023139,34.18444341,39.59738917,39.93874647,47.81888288,59.98952468,61.96318168,64.96798974,71.85967389,77.29610922,76.36078188,75.68981987,77.18623928,72.35295227
Tonga,TON,Mobile cellular subscriptions (per 100 people),IT.CEL.SETS.P2,3.231089361,10.72694186,15.61369435,28.27877388,28.29927488,43.62891277,47.20008978,49.46613903,50.56619236,51.11049159,52.0920541,53.69365668,63.77431396,69.25331223,75.68017558,102.3933975,102.6514503,59.17428133,58.90512475,60.67706123
Trinidad and Tobago,TTO,Mobile cellular subscriptions (per 100 people),IT.CEL.SETS.P2,19.52295901,24.84965439,47.84031702,67.4981283,110.3042372,109.0218506,129.6752877,131.7696874,134.3150658,128.6038225,131.6913653,134.9228758,136.5285204,145.4189458,147.4037146,137.3344641,131.0947831,142.3545434,130.9488475,130.8832291
Tunisia,TUN,Mobile cellular subscriptions (per 100 people),IT.CEL.SETS.P2,5.689539149,18.8107514,36.29628543,54.68365314,70.00530736,74.12407326,80.54174102,90.84354737,102.0114066,112.2830234,114.9404759,112.495978,124.9776707,126.2861685,122.2187555,121.3575682,123.7705691,122.5882901,122.1279008,127.5767095
Turkiye,TUR,Mobile cellular subscriptions (per 100 people),IT.CEL.SETS.P2,35.34412873,41.70577209,51.20234653,63.47303185,75.66334972,87.94778159,92.29310145,86.92142533,84.39011388,88.06572866,89.90814233,90.96975758,92.0323995,92.45799717,92.64658163,94.77443648,96.74999684,96.77676962,97.61417509,101.785223
Turkmenistan,TKM,Mobile cellular subscriptions (per 100 people),IT.CEL.SETS.P2,0.173931808,0.193045244,1.039463944,2.1490961,4.377608609,7.595583111,22.25748091,41.1678769,60.69935858,98.86561961,108.0846988,110.1654037,127.2453927,135.9939734,146.1175668,157.111231,96.31801204,97.45608452,98.62952004,98.62541796
Turks and Caicos Islands,TCA,Mobile cellular subscriptions (per 100 people),IT.CEL.SETS.P2,43.94601418,89.05703772,109.6899733,..,..,..,..,..,..,..,..,..,..,..,..,..,..,..,..,..
Tuvalu,TUV,Mobile cellular subscriptions (per 100 people),IT.CEL.SETS.P2,0,0,5.106730671,13.11541566,15.95214357,17.73573751,..,9.607993851,15.16587678,19.90654206,25.79694122,31.14123466,34.865584,60.67849591,70.03317361,73.88252678,78.2328578,82.14676889,81.30815792,80.32845412
Uganda,UGA,Mobile cellular subscriptions (per 100 people),IT.CEL.SETS.P2,1.539669659,2.945083571,4.291723992,4.706477943,6.981552677,14.15897992,28.03966796,29.8725922,39.66474519,50.1475354,47.72341556,51.22432461,56.04810199,53.95330716,58.94061569,62.17465834,58.94688705,59.12932943,62.35610757,65.70386414
Ukraine,UKR,Mobile cellular subscriptions (per 100 people),IT.CEL.SETS.P2,7.696397252,13.65772731,29.0897363,64.00536482,105.2767922,119.0876067,120.558086,119.4564211,117.7678197,121.9416066,130.8590206,138.4411243,144.2788474,142.0030379,133.1689539,131.3565115,127.753861,130.6294363,129.3411657,135.025689
United Arab Emirates,ARE,Mobile cellular subscriptions (per 100 people),IT.CEL.SETS.P2,66.82174472,77.94350145,92.23151353,105.9133477,112.6626827,131.6533802,133.8983849,133.5212478,128.8176608,136.7594244,158.9763381,183.5446297,190.3476162,201.219729,221.308772,218.6322987,219.700673,212.804439,197.8438703,194.7336208
United Kingdom,GBR,Mobile cellular subscriptions (per 100 people),IT.CEL.SETS.P2,82.93728874,90.95792762,99.4867395,108.4259834,115.252733,120.527906,121.3772695,122.8742004,122.2590493,121.9256338,122.7564922,122.3501829,121.1308315,121.5048919,120.2210676,119.7294099,118.7527408,120.8484884,117.8163133,118.5668355
United States,USA,Mobile cellular subscriptions (per 100 people),IT.CEL.SETS.P2,49.17630521,55.18089359,62.87475074,68.62220987,76.59637266,82.34696473,85.47738005,88.90512135,91.6239454,94.75188415,96.26929679,97.28308055,100.1748375,102.3083933,103.3702501,103.1297891,104.847944,106.4140195,104.9353748,107.319451
Uruguay,URY,Mobile cellular subscriptions (per 100 people),IT.CEL.SETS.P2,15.53114058,15.03020057,18.09909527,34.81132061,70.13284845,90.25647327,105.1463884,122.9476137,132.3477451,141.5210804,148.1833852,155.8020277,162.0767046,151.7998906,149.8853759,148.9559056,130.1172556,132.0241348,132.7256301,136.9212202
Uzbekistan,UZB,Mobile cellular subscriptions (per 100 people),IT.CEL.SETS.P2,0.730676652,1.238385659,2.073953104,2.709474049,9.397192442,20.84049076,44.63288059,58.28601992,73.222317,87.55682964,68.71862168,71.75462348,71.07276748,70.38355521,73.96739398,75.9584973,71.57614633,101.2222235,99.58344787,102.8976203
Vanuatu,VUT,Mobile cellular subscriptions (per 100 people),IT.CEL.SETS.P2,2.424242424,3.763425296,4.944873883,5.831862961,6.72878079,11.38627953,15.38777185,54.93869139,69.23321369,54.50030641,56.77287972,48.28371292,57.8122974,63.23949674,77.18541901,78.56146142,84.57103647,87.1273045,79.00027271,78.2951469
"Venezuela, RB",VEN,Mobile cellular subscriptions (per 100 people),IT.CEL.SETS.P2,25.82571685,27.20934415,32.10814595,46.85523169,69.32850172,86.53968776,98.14040558,99.27872501,97.09249744,98.92026985,103.7279644,103.5460059,101.1087376,95.29573416,89.78392506,80.14049665,69.50784615,63.77343008,58.06789032,60.31557029
Vietnam,VNM,Mobile cellular subscriptions (per 100 people),IT.CEL.SETS.P2,2.359044585,3.365415447,6.025909442,11.53831883,22.50396061,53.11803062,87.47047116,113.5761578,127.6386103,144.1078862,147.4487893,137.0761674,149.2271298,130.5154869,129.5014832,127.6319162,148.1748225,142.2374996,143.7522156,138.8654955
Virgin Islands (U.S.),VIR,Mobile cellular subscriptions (per 100 people),IT.CEL.SETS.P2,41.91188757,45.95108493,60.14445912,75.41251491,..,..,..,..,..,..,..,..,..,..,..,..,..,79.34461349,79.64795603,79.92726619
West Bank and Gaza,PSE,Mobile cellular subscriptions (per 100 people),IT.CEL.SETS.P2,7.443484991,7.67290408,12.4561417,15.86333669,22.43870313,27.19264946,34.08129118,45.48130592,64.19671809,69.52308496,73.90418602,73.61753936,72.20164028,77.96137302,80.10067188,84.17979591,89.97575355,86.32538513,79.63152961,77.60221248
"Yemen, Rep.",YEM,Mobile cellular subscriptions (per 100 people),IT.CEL.SETS.P2,2.475334873,3.344240537,7.11894611,10.68239832,13.55613495,19.2080591,27.62655448,34.59484888,44.79883685,45.80066974,53.00611199,62.42476561,61.61428564,52.67802604,56.13532103,51.13427811,49.68344957,48.30300585,47.01393376,46.0195416
Zambia,ZMB,Mobile cellular subscriptions (per 100 people),IT.CEL.SETS.P2,1.323640165,2.223663041,4.150449945,8.210719187,13.89398615,21.27891039,27.53452394,33.08795024,39.493598,57.23159576,71.3795871,68.23641206,64.27119101,71.13220948,71.66749335,77.68815498,86.73672801,93.68966322,100.932458,103.9746368
Zimbabwe,ZWE,Mobile cellular subscriptions (per 100 people),IT.CEL.SETS.P2,2.826775664,3.011395989,3.500938501,5.293440718,6.886555198,9.844161327,13.18466229,31.47523504,59.96992158,70.62914059,95.08948552,100.5735343,85.15345214,90.12692886,89.11084044,95.5325572,85.76158782,85.94098918,84.1862743,89.14601935
